id,firstName,lastName,gender
57b6c9a6dd69264b6c5ba86a,Stanley,Lemke,MALE
57b6c9a6dd69264b6c5ba86c,Vincenzo,Pollich,MALE
57b6c9a6dd69264b6c5ba86e,Felicia,Romaguera,FEMALE
57b6c9a6dd69264b6c5ba870,Retha,Rice,FEMALE
57b6c9a6dd69264b6c5ba872,Carli,Koepp,FEMALE
57b6c9a6dd69264b6c5ba874,Cierra,Bauch,MALE
57b6c9a7dd69264b6c5ba876,Lori,Pfannerstill,MALE
57b6c9a7dd69264b6c5ba878,Annamarie,Jacobi,MALE
57b6c9a7dd69264b6c5ba87a,Gayle,Hermann,FEMALE
57b6c9a7dd69264b6c5ba87c,Pete,Walter,MALE
57b6c9a7dd69264b6c5ba87e,Unique,Stehr,FEMALE
57b6c9a7dd69264b6c5ba880,Jonathan,Bins,MALE
57b6c9a7dd69264b6c5ba882,Mose,Hoppe,FEMALE
57b6c9a7dd69264b6c5ba884,Victor,Huel,FEMALE
57b6c9a7dd69264b6c5ba886,Donnie,Hessel,MALE
57b6c9a7dd69264b6c5ba888,Fidel,Barrows,FEMALE
57b6c9a7dd69264b6c5ba88a,Niko,Kuphal,MALE
57b6c9a7dd69264b6c5ba88c,Maiya,Lemke,MALE
57b6c9a7dd69264b6c5ba88e,Frieda,Ratke,FEMALE
57b6c9a7dd69264b6c5ba890,Rashawn,Stroman,MALE
57b6c9a7dd69264b6c5ba892,Harmon,Kutch,MALE
57b6c9a7dd69264b6c5ba894,Harmony,Stoltenberg,FEMALE
57b6c9a7dd69264b6c5ba896,Queenie,Windler,MALE
57b6c9a7dd69264b6c5ba898,Priscilla,Weimann,FEMALE
57b6c9a7dd69264b6c5ba89a,Elsa,Brekke,FEMALE
57b6c9a7dd69264b6c5ba89c,Carmela,Cassin,FEMALE
57b6c9a7dd69264b6c5ba89e,Nona,Hayes,FEMALE
57b6c9a7dd69264b6c5ba8a4,Alana,Davis,MALE
57b6c9a7dd69264b6c5ba8a2,Jailyn,Crona,MALE
57b6c9a7dd69264b6c5ba8a6,Grayson,Hayes,MALE
57b6c9a7dd69264b6c5ba8a8,Chanel,Stiedemann,FEMALE
57b6c9a7dd69264b6c5ba8aa,Moises,Hauck,MALE
57b6c9a7dd69264b6c5ba8ac,Marlon,Wolf,FEMALE
57b6c9a7dd69264b6c5ba8a0,Guido,Hahn,MALE
57b6c9a7dd69264b6c5ba8b2,Brandi,Hickle,FEMALE
57b6c9a7dd69264b6c5ba8b0,Rae,Rodriguez,MALE
57b6c9a7dd69264b6c5ba8ae,Cale,Emmerich,MALE
57b6c9a7dd69264b6c5ba8b4,Dejah,Shanahan,MALE
57b6c9a7dd69264b6c5ba8b6,Matilda,Flatley,FEMALE
57b6c9a7dd69264b6c5ba8b8,Santiago,Adams,MALE
57b6c9a7dd69264b6c5ba8ba,Ola,Brakus,MALE
57b6c9a7dd69264b6c5ba8bc,Rahul,Harber,MALE
57b6c9a7dd69264b6c5ba8be,Kamron,Reichel,FEMALE
57b6c9a7dd69264b6c5ba8c0,Cecelia,Willms,FEMALE
57b6c9a7dd69264b6c5ba8c2,Donato,Larkin,FEMALE
57b6c9a7dd69264b6c5ba8c4,Reina,Bailey,FEMALE
57b6c9a7dd69264b6c5ba8c6,Margarett,Kessler,MALE
57b6c9a7dd69264b6c5ba8c8,Lexi,Kerluke,MALE
57b6c9a7dd69264b6c5ba8ca,Aletha,Cole,MALE
57b6c9a7dd69264b6c5ba8cc,Zoila,Gottlieb,MALE
57b6c9a7dd69264b6c5ba8ce,Dino,Orn,MALE
57b6c9a7dd69264b6c5ba8d0,Hermina,Reichel,FEMALE
57b6c9a7dd69264b6c5ba8d2,Glennie,Grady,MALE
57b6c9a7dd69264b6c5ba8d4,Darron,Koelpin,MALE
57b6c9a7dd69264b6c5ba8d8,Lafayette,Bernier,FEMALE
57b6c9a7dd69264b6c5ba8da,Marlin,Reichert,MALE
57b6c9a7dd69264b6c5ba8dc,Alene,Maggio,FEMALE
57b6c9a7dd69264b6c5ba8de,Newell,Lehner,MALE
57b6c9a7dd69264b6c5ba8d6,Corrine,Crist,FEMALE
57b6c9a7dd69264b6c5ba8e0,Caleigh,Gerhold,FEMALE
57b6c9a7dd69264b6c5ba8e2,Albin,West,MALE
57b6c9a7dd69264b6c5ba8e4,Joanne,Trantow,FEMALE
57b6c9a7dd69264b6c5ba8e6,Justine,Leuschke,MALE
57b6c9a7dd69264b6c5ba8e8,Johan,Jenkins,FEMALE
57b6c9a7dd69264b6c5ba8ea,Cleora,Spencer,FEMALE
57b6c9a7dd69264b6c5ba8ec,Novella,Runolfsdottir,MALE
57b6c9a7dd69264b6c5ba8ee,Ervin,Hickle,FEMALE
57b6c9a7dd69264b6c5ba8f0,Oma,Romaguera,FEMALE
57b6c9a7dd69264b6c5ba8f2,Antonette,Mills,MALE
57b6c9a7dd69264b6c5ba8f4,Esperanza,Ebert,MALE
57b6c9a7dd69264b6c5ba8f6,Kailey,Quitzon,MALE
57b6c9a7dd69264b6c5ba8f8,Theresa,Simonis,MALE
57b6c9a7dd69264b6c5ba8fa,Dangelo,Nader,FEMALE
57b6c9a7dd69264b6c5ba8fc,Myrtle,Hermann,FEMALE
57b6c9a7dd69264b6c5ba8fe,Lenny,Treutel,FEMALE
57b6c9a7dd69264b6c5ba900,Ashtyn,Klein,MALE
57b6c9a7dd69264b6c5ba902,Kirstin,Hessel,FEMALE
57b6c9a7dd69264b6c5ba904,Mylene,Corkery,MALE
57b6c9a7dd69264b6c5ba906,Oral,Botsford,FEMALE
57b6c9a7dd69264b6c5ba908,Karson,Dibbert,MALE
57b6c9a7dd69264b6c5ba90a,Marc,Will,MALE
57b6c9a7dd69264b6c5ba90c,Hassie,Gorczany,FEMALE
57b6c9a7dd69264b6c5ba90e,Trevion,Pfeffer,MALE
57b6c9a7dd69264b6c5ba910,Fredy,Mosciski,FEMALE
57b6c9a7dd69264b6c5ba912,Javon,Vandervort,MALE
57b6c9a7dd69264b6c5ba914,Nicole,Collier,FEMALE
57b6c9a7dd69264b6c5ba916,Gordon,Bosco,FEMALE
57b6c9a7dd69264b6c5ba918,Mozelle,Price,FEMALE
57b6c9a7dd69264b6c5ba91a,Darwin,O'Hara,FEMALE
57b6c9a7dd69264b6c5ba91c,Gennaro,Wisoky,MALE
57b6c9a7dd69264b6c5ba91e,Danial,Buckridge,MALE
57b6c9a7dd69264b6c5ba920,Austyn,Kautzer,MALE
57b6c9a7dd69264b6c5ba922,Joey,Reichel,MALE
57b6c9a7dd69264b6c5ba924,Antone,Hermiston,MALE
57b6c9a7dd69264b6c5ba926,Rafael,Kohler,MALE
57b6c9a7dd69264b6c5ba928,Brooklyn,Keeling,MALE
57b6c9a7dd69264b6c5ba92a,Alanis,Effertz,MALE
57b6c9a7dd69264b6c5ba92c,Skyla,Olson,MALE
57b6c9a7dd69264b6c5ba92e,Jarred,Goodwin,MALE
57b6c9a7dd69264b6c5ba930,Meggie,Volkman,FEMALE
57b6c9a7dd69264b6c5ba932,Domingo,Bayer,MALE
57b6c9a7dd69264b6c5ba934,Joany,Mitchell,MALE
57b6c9a7dd69264b6c5ba936,Toni,Mueller,FEMALE
57b6c9a7dd69264b6c5ba93e,Malinda,Mills,MALE
57b6c9a7dd69264b6c5ba93a,Pauline,Grant,FEMALE
57b6c9a7dd69264b6c5ba93c,Dayana,Barton,FEMALE
57b6c9a7dd69264b6c5ba938,Hal,Goodwin,FEMALE
57b6c9a7dd69264b6c5ba940,Alisha,Prohaska,FEMALE
57b6c9a7dd69264b6c5ba942,Betty,Corwin,MALE
57b6c9a7dd69264b6c5ba944,Weldon,Johns,MALE
57b6c9a7dd69264b6c5ba946,Malika,Feeney,FEMALE
57b6c9a7dd69264b6c5ba948,Barry,Emmerich,FEMALE
57b6c9a7dd69264b6c5ba94a,Aaliyah,Nolan,FEMALE
57b6c9a7dd69264b6c5ba94c,Clarissa,Dietrich,FEMALE
57b6c9a7dd69264b6c5ba94e,Constantin,Lehner,MALE
57b6c9a7dd69264b6c5ba950,Maria,Schaden,FEMALE
57b6c9a7dd69264b6c5ba952,Sallie,Haag,FEMALE
57b6c9a7dd69264b6c5ba954,Hettie,Ledner,MALE
57b6c9a7dd69264b6c5ba956,Dayton,Daugherty,FEMALE
57b6c9a7dd69264b6c5ba958,Mireya,Crona,FEMALE
57b6c9a7dd69264b6c5ba95a,Damian,Schowalter,MALE
57b6c9a7dd69264b6c5ba95c,Whitney,Goodwin,FEMALE
57b6c9a7dd69264b6c5ba95e,Amelie,Hodkiewicz,FEMALE
57b6c9a7dd69264b6c5ba960,Uriah,Bogan,MALE
57b6c9a7dd69264b6c5ba962,Flo,Gerlach,FEMALE
57b6c9a7dd69264b6c5ba964,Emely,Fahey,FEMALE
57b6c9a7dd69264b6c5ba966,Missouri,Tromp,FEMALE
57b6c9a7dd69264b6c5ba968,Tristian,Boyle,FEMALE
57b6c9a7dd69264b6c5ba96a,Kaycee,Mitchell,FEMALE
57b6c9a7dd69264b6c5ba96c,Kenyon,Kirlin,FEMALE
57b6c9a7dd69264b6c5ba96e,Angelina,Rutherford,FEMALE
57b6c9a7dd69264b6c5ba970,Kattie,Torp,MALE
57b6c9a7dd69264b6c5ba972,Gennaro,Hills,MALE
57b6c9a7dd69264b6c5ba974,Raegan,Grant,FEMALE
57b6c9a7dd69264b6c5ba976,Margaretta,Eichmann,FEMALE
57b6c9a7dd69264b6c5ba978,Mara,Mann,FEMALE
57b6c9a7dd69264b6c5ba97a,Antonietta,Green,MALE
57b6c9a7dd69264b6c5ba97c,Alessia,Block,MALE
57b6c9a7dd69264b6c5ba97e,Tabitha,Kovacek,FEMALE
57b6c9a7dd69264b6c5ba980,Crystal,Ortiz,FEMALE
57b6c9a7dd69264b6c5ba982,Sierra,Ullrich,MALE
57b6c9a7dd69264b6c5ba984,Neha,Keeling,MALE
57b6c9a7dd69264b6c5ba986,Gladys,Cremin,FEMALE
57b6c9a7dd69264b6c5ba988,Mackenzie,Von,FEMALE
57b6c9a7dd69264b6c5ba98a,Dax,Marquardt,MALE
57b6c9a7dd69264b6c5ba98c,Eddie,Klein,MALE
57b6c9a7dd69264b6c5ba98e,Rosalinda,Connelly,FEMALE
57b6c9a7dd69264b6c5ba990,Gladyce,Herzog,MALE
57b6c9a7dd69264b6c5ba992,Zelda,Marks,MALE
57b6c9a7dd69264b6c5ba99a,Kathryne,MacGyver,MALE
57b6c9a7dd69264b6c5ba994,Monica,Bogan,MALE
57b6c9a7dd69264b6c5ba996,Otha,Ziemann,FEMALE
57b6c9a7dd69264b6c5ba998,Miles,Hauck,FEMALE
57b6c9a7dd69264b6c5ba99c,Braxton,Gislason,MALE
57b6c9a7dd69264b6c5ba99e,Kiarra,Wyman,FEMALE
57b6c9a7dd69264b6c5ba9a0,Deron,Botsford,MALE
57b6c9a7dd69264b6c5ba9a2,Edd,Ruecker,MALE
57b6c9a7dd69264b6c5ba9a4,Estefania,Gibson,MALE
57b6c9a7dd69264b6c5ba9a6,Ramon,VonRueden,MALE
57b6c9a7dd69264b6c5ba9a8,Axel,Zulauf,MALE
57b6c9a7dd69264b6c5ba9aa,Freddie,Gaylord,MALE
57b6c9a7dd69264b6c5ba9ac,Salvatore,Larkin,MALE
57b6c9a7dd69264b6c5ba9ae,Reyna,Macejkovic,FEMALE
57b6c9a7dd69264b6c5ba9b0,Brooks,Morar,FEMALE
57b6c9a7dd69264b6c5ba9b2,Jazlyn,Botsford,MALE
57b6c9a7dd69264b6c5ba9b4,Dianna,Casper,MALE
57b6c9a7dd69264b6c5ba9b6,Brando,Schuppe,MALE
57b6c9a7dd69264b6c5ba9b8,Colten,Flatley,MALE
57b6c9a7dd69264b6c5ba9ba,Ulises,Miller,FEMALE
57b6c9a7dd69264b6c5ba9bc,Owen,Russel,MALE
57b6c9a7dd69264b6c5ba9be,Dallas,Hagenes,FEMALE
57b6c9a7dd69264b6c5ba9c0,Laura,Von,FEMALE
57b6c9a7dd69264b6c5ba9c2,Maureen,Cronin,MALE
57b6c9a7dd69264b6c5ba9c4,Elvera,Jacobs,FEMALE
57b6c9a7dd69264b6c5ba9ca,Broderick,Wiza,FEMALE
57b6c9a7dd69264b6c5ba9c6,Ramona,Abernathy,MALE
57b6c9a7dd69264b6c5ba9ce,Travis,Grady,FEMALE
57b6c9a7dd69264b6c5ba9c8,Anthony,Auer,FEMALE
57b6c9a7dd69264b6c5ba9d0,Tommie,Gusikowski,MALE
57b6c9a7dd69264b6c5ba9d4,Noelia,Bogan,FEMALE
57b6c9a7dd69264b6c5ba9d2,Onie,Beer,MALE
57b6c9a7dd69264b6c5ba9d6,Sibyl,Haag,MALE
57b6c9a7dd69264b6c5ba9d8,Porter,Rath,MALE
57b6c9a7dd69264b6c5ba9da,Jose,Zboncak,FEMALE
57b6c9a7dd69264b6c5ba9dc,Lesly,Hilpert,MALE
57b6c9a7dd69264b6c5ba9de,Ryan,Davis,MALE
57b6c9a7dd69264b6c5ba9e0,Daija,Tremblay,MALE
57b6c9a7dd69264b6c5ba9e2,Alvera,Roberts,FEMALE
57b6c9a7dd69264b6c5ba9e6,Alexys,Senger,MALE
57b6c9a7dd69264b6c5ba9cc,Vladimir,Ebert,FEMALE
57b6c9a7dd69264b6c5ba9e4,Quincy,Keeling,FEMALE
57b6c9a7dd69264b6c5ba9ec,Kiley,Conroy,MALE
57b6c9a7dd69264b6c5ba9ea,Olin,Barrows,MALE
57b6c9a7dd69264b6c5ba9ee,Sydnee,Monahan,MALE
57b6c9a7dd69264b6c5ba9e8,Sim,Streich,FEMALE
57b6c9a7dd69264b6c5ba9f0,Josiah,Abbott,FEMALE
57b6c9a7dd69264b6c5ba9f2,Augustus,Trantow,FEMALE
57b6c9a7dd69264b6c5ba9f4,Neal,Walsh,FEMALE
57b6c9a7dd69264b6c5ba9f6,Levi,Bailey,FEMALE
57b6c9a7dd69264b6c5ba9f8,Andy,Leuschke,FEMALE
57b6c9a7dd69264b6c5ba9fa,Jacinto,Carter,FEMALE
57b6c9a7dd69264b6c5ba9fc,Mac,Casper,MALE
57b6c9a7dd69264b6c5ba9fe,Golden,Block,MALE
57b6c9a7dd69264b6c5baa00,Tess,Lockman,FEMALE
57b6c9a7dd69264b6c5baa02,Lindsay,Vandervort,FEMALE
57b6c9a7dd69264b6c5baa04,Jessyca,Reilly,FEMALE
57b6c9a7dd69264b6c5baa06,Jerome,Halvorson,MALE
57b6c9a7dd69264b6c5baa08,Vicenta,Hyatt,FEMALE
57b6c9a7dd69264b6c5baa0a,Verona,Schumm,FEMALE
57b6c9a7dd69264b6c5baa0c,Keshawn,Kassulke,FEMALE
57b6c9a7dd69264b6c5baa0e,Helene,Kemmer,FEMALE
57b6c9a7dd69264b6c5baa10,Theodora,Ankunding,FEMALE
57b6c9a7dd69264b6c5baa12,Ofelia,Windler,FEMALE
57b6c9a7dd69264b6c5baa14,Zackery,Carroll,MALE
57b6c9a7dd69264b6c5baa16,Antonia,Spinka,FEMALE
57b6c9a7dd69264b6c5baa18,Earl,Bode,MALE
57b6c9a7dd69264b6c5baa1a,Elena,Greenfelder,FEMALE
57b6c9a7dd69264b6c5baa1c,Eliseo,Tillman,FEMALE
57b6c9a7dd69264b6c5baa1e,Aileen,Dibbert,MALE
57b6c9a7dd69264b6c5baa20,Ruthe,Towne,MALE
57b6c9a7dd69264b6c5baa22,Elisha,Emard,FEMALE
57b6c9a7dd69264b6c5baa24,Chaya,Mraz,MALE
57b6c9a7dd69264b6c5baa26,Tre,Roob,MALE
57b6c9a7dd69264b6c5baa28,Colin,Blick,MALE
57b6c9a7dd69264b6c5baa2a,Clarissa,Kertzmann,MALE
57b6c9a7dd69264b6c5baa2c,Scotty,Hickle,MALE
57b6c9a7dd69264b6c5baa2e,Mack,Rowe,FEMALE
57b6c9a7dd69264b6c5baa30,Richard,Hilpert,FEMALE
57b6c9a7dd69264b6c5baa32,Alysson,Bode,MALE
57b6c9a7dd69264b6c5baa34,Jayce,Hamill,FEMALE
57b6c9a7dd69264b6c5baa36,Colten,Sanford,MALE
57b6c9a7dd69264b6c5baa38,Lottie,Kulas,MALE
57b6c9a7dd69264b6c5baa3a,Wilbert,Kihn,FEMALE
57b6c9a7dd69264b6c5baa3c,Franz,Hane,MALE
57b6c9a7dd69264b6c5baa3e,Constance,Runte,MALE
57b6c9a7dd69264b6c5baa40,Rahsaan,Hamill,FEMALE
57b6c9a7dd69264b6c5baa42,Krystina,Pagac,FEMALE
57b6c9a7dd69264b6c5baa44,Nickolas,Robel,FEMALE
57b6c9a7dd69264b6c5baa46,Ahmed,Daniel,FEMALE
57b6c9a7dd69264b6c5baa48,Molly,Kiehn,MALE
57b6c9a7dd69264b6c5baa4a,Bria,Stanton,FEMALE
57b6c9a7dd69264b6c5baa4c,Russell,Bechtelar,FEMALE
57b6c9a7dd69264b6c5baa4e,Bill,Moore,MALE
57b6c9a7dd69264b6c5baa50,Fatima,Schimmel,FEMALE
57b6c9a7dd69264b6c5baa52,Myrtis,Corkery,MALE
57b6c9a7dd69264b6c5baa54,Aida,Upton,FEMALE
57b6c9a7dd69264b6c5baa56,Brayan,Langosh,FEMALE
57b6c9a7dd69264b6c5baa58,Laisha,Hoppe,MALE
57b6c9a7dd69264b6c5baa5a,Kieran,Barrows,MALE
57b6c9a7dd69264b6c5baa5c,Trudie,Wiegand,FEMALE
57b6c9a7dd69264b6c5baa5e,Zion,Monahan,MALE
57b6c9a7dd69264b6c5baa60,Kristopher,Schumm,FEMALE
57b6c9a7dd69264b6c5baa62,Richie,Purdy,FEMALE
57b6c9a7dd69264b6c5baa64,Grace,Fay,MALE
57b6c9a7dd69264b6c5baa66,Kyra,Watsica,FEMALE
57b6c9a7dd69264b6c5baa68,Jonathan,Olson,FEMALE
57b6c9a7dd69264b6c5baa6a,Andy,Schoen,FEMALE
57b6c9a7dd69264b6c5baa6c,Joelle,Kreiger,MALE
57b6c9a7dd69264b6c5baa6e,Weldon,Thompson,FEMALE
57b6c9a7dd69264b6c5baa70,Anabelle,Kuhn,FEMALE
57b6c9a7dd69264b6c5baa72,Rashawn,Carroll,FEMALE
57b6c9a8dd69264b6c5baa74,Kennedi,Medhurst,FEMALE
57b6c9a8dd69264b6c5baa76,Ashlee,Smith,FEMALE
57b6c9a8dd69264b6c5baa78,Orion,Green,FEMALE
57b6c9a8dd69264b6c5baa7a,Dion,Kihn,MALE
57b6c9a8dd69264b6c5baa7c,Natalia,Kiehn,MALE
57b6c9a8dd69264b6c5baa7e,Ezequiel,Cole,FEMALE
57b6c9a8dd69264b6c5baa80,Reymundo,Ullrich,MALE
57b6c9a8dd69264b6c5baa82,Rachel,Ankunding,FEMALE
57b6c9a8dd69264b6c5baa84,Florine,Cartwright,MALE
57b6c9a8dd69264b6c5baa86,Kris,Rosenbaum,MALE
57b6c9a8dd69264b6c5baa88,Shyanne,Lakin,FEMALE
57b6c9a8dd69264b6c5baa8a,Savannah,Schmeler,MALE
57b6c9a8dd69264b6c5baa8c,Johnnie,Bartell,MALE
57b6c9a8dd69264b6c5baa8e,Louisa,Wisoky,FEMALE
57b6c9a8dd69264b6c5baa90,Imogene,O'Connell,FEMALE
57b6c9a8dd69264b6c5baa96,Brandon,Schimmel,FEMALE
57b6c9a8dd69264b6c5baa94,Jaleel,Boehm,FEMALE
57b6c9a8dd69264b6c5baa98,Princess,Padberg,FEMALE
57b6c9a8dd69264b6c5baa92,Abelardo,Durgan,FEMALE
57b6c9a8dd69264b6c5baa9a,Tate,Fisher,FEMALE
57b6c9a8dd69264b6c5baa9c,Lolita,Block,MALE
57b6c9a8dd69264b6c5baa9e,Waylon,Hickle,MALE
57b6c9a8dd69264b6c5baaa0,Cali,Dietrich,FEMALE
57b6c9a8dd69264b6c5baaa4,Marquise,Krajcik,FEMALE
57b6c9a8dd69264b6c5baaa2,Alfonso,Johnston,MALE
57b6c9a8dd69264b6c5baaa8,Rowena,Wisoky,FEMALE
57b6c9a8dd69264b6c5baaa6,Sheridan,Friesen,FEMALE
57b6c9a8dd69264b6c5baaaa,Laurianne,Grant,MALE
57b6c9a8dd69264b6c5baaac,Harley,Oberbrunner,FEMALE
57b6c9a8dd69264b6c5baaae,Simeon,Beahan,FEMALE
57b6c9a8dd69264b6c5baab0,Ted,Block,FEMALE
57b6c9a8dd69264b6c5baab2,Jermaine,Kshlerin,MALE
57b6c9a8dd69264b6c5baab4,Andrew,Runolfsdottir,FEMALE
57b6c9a8dd69264b6c5baab6,Amelia,Steuber,FEMALE
57b6c9a8dd69264b6c5baab8,Hector,Pollich,FEMALE
57b6c9a8dd69264b6c5baaba,Camron,Bashirian,MALE
57b6c9a8dd69264b6c5baabc,Florine,Schowalter,FEMALE
57b6c9a8dd69264b6c5baabe,Camryn,McLaughlin,FEMALE
57b6c9a8dd69264b6c5baac0,Elody,Daugherty,MALE
57b6c9a8dd69264b6c5baac2,Lottie,Boehm,FEMALE
57b6c9a8dd69264b6c5baac4,Octavia,Labadie,FEMALE
57b6c9a8dd69264b6c5baac6,Marge,Denesik,MALE
57b6c9a8dd69264b6c5baac8,Marlon,Schmeler,MALE
57b6c9a8dd69264b6c5baaca,Einar,O'Connell,MALE
57b6c9a8dd69264b6c5baacc,Lauren,Christiansen,FEMALE
57b6c9a8dd69264b6c5baace,Colton,Bogan,FEMALE
57b6c9a8dd69264b6c5baad2,Antonina,Dicki,MALE
57b6c9a8dd69264b6c5baad6,Cody,Volkman,MALE
57b6c9a8dd69264b6c5baad0,Justus,Pacocha,FEMALE
57b6c9a8dd69264b6c5baad4,Nathen,Homenick,FEMALE
57b6c9a8dd69264b6c5baad8,Eunice,Ledner,FEMALE
57b6c9a8dd69264b6c5baada,Leopoldo,Parker,MALE
57b6c9a8dd69264b6c5baadc,Ricardo,Pfannerstill,FEMALE
57b6c9a8dd69264b6c5baade,Sofia,Kilback,MALE
57b6c9a8dd69264b6c5baae0,Eladio,Haag,MALE
57b6c9a8dd69264b6c5baae4,Nicholaus,Spencer,MALE
57b6c9a8dd69264b6c5baae6,Griffin,Runolfsson,FEMALE
57b6c9a8dd69264b6c5baae2,Giovanny,Walter,FEMALE
57b6c9a8dd69264b6c5baae8,Yesenia,Rosenbaum,MALE
57b6c9a8dd69264b6c5baaea,Maximillia,Gibson,FEMALE
57b6c9a8dd69264b6c5baaee,Dakota,Treutel,MALE
57b6c9a8dd69264b6c5baaec,Kari,Legros,MALE
57b6c9a8dd69264b6c5baaf0,Treva,Leffler,FEMALE
57b6c9a8dd69264b6c5baaf2,Lavina,Jacobi,MALE
57b6c9a8dd69264b6c5baaf4,Denis,Cassin,MALE
57b6c9a8dd69264b6c5baaf6,Graham,Strosin,MALE
57b6c9a8dd69264b6c5baaf8,Tara,Jerde,MALE
57b6c9a8dd69264b6c5baafa,Flossie,Ebert,MALE
57b6c9a8dd69264b6c5baafc,Quinn,Hegmann,MALE
57b6c9a8dd69264b6c5baafe,Meredith,Russel,FEMALE
57b6c9a8dd69264b6c5bab00,Kiarra,Bechtelar,FEMALE
57b6c9a8dd69264b6c5bab02,Helene,Moen,FEMALE
57b6c9a8dd69264b6c5bab04,Veda,Kovacek,FEMALE
57b6c9a8dd69264b6c5bab06,Gustave,Will,FEMALE
57b6c9a8dd69264b6c5bab08,Martin,Schowalter,FEMALE
57b6c9a8dd69264b6c5bab0a,Alysson,Ortiz,MALE
57b6c9a8dd69264b6c5bab0c,Armand,Will,FEMALE
57b6c9a8dd69264b6c5bab0e,Kenna,Ondricka,FEMALE
57b6c9a8dd69264b6c5bab10,Lisette,Okuneva,FEMALE
57b6c9a8dd69264b6c5bab12,Emmet,Nicolas,FEMALE
57b6c9a8dd69264b6c5bab14,Dorothy,Barton,FEMALE
57b6c9a8dd69264b6c5bab16,Pierce,Beatty,MALE
57b6c9a8dd69264b6c5bab18,Rickey,Davis,MALE
57b6c9a8dd69264b6c5bab1a,Jamarcus,Hagenes,MALE
57b6c9a8dd69264b6c5bab1c,Nikolas,Daniel,FEMALE
57b6c9a8dd69264b6c5bab1e,Chelsea,Johnston,MALE
57b6c9a8dd69264b6c5bab20,Marie,O'Conner,FEMALE
57b6c9a8dd69264b6c5bab22,Adonis,Denesik,MALE
57b6c9a8dd69264b6c5bab24,Javon,DuBuque,MALE
57b6c9a8dd69264b6c5bab26,Wilfrid,McKenzie,FEMALE
57b6c9a8dd69264b6c5bab28,Federico,McDermott,MALE
57b6c9a8dd69264b6c5bab2a,Sonny,Hickle,FEMALE
57b6c9a8dd69264b6c5bab2c,Trycia,Konopelski,FEMALE
57b6c9a8dd69264b6c5bab2e,Cathy,Gerlach,MALE
57b6c9a8dd69264b6c5bab30,Lucienne,Borer,MALE
57b6c9a8dd69264b6c5bab32,Nola,Cole,FEMALE
57b6c9a8dd69264b6c5bab34,Darrel,Thiel,FEMALE
57b6c9a8dd69264b6c5bab36,Kassandra,Hills,FEMALE
57b6c9a8dd69264b6c5bab38,Tad,Kreiger,FEMALE
57b6c9a8dd69264b6c5bab3a,Janet,Bradtke,FEMALE
57b6c9a8dd69264b6c5bab3c,Kris,Littel,MALE
57b6c9a8dd69264b6c5bab3e,Jacinto,Upton,FEMALE
57b6c9a8dd69264b6c5bab40,Ward,Feil,MALE
57b6c9a8dd69264b6c5bab42,Patricia,Lockman,MALE
57b6c9a8dd69264b6c5bab44,Christine,Aufderhar,FEMALE
57b6c9a8dd69264b6c5bab46,Amari,Ledner,MALE
57b6c9a8dd69264b6c5bab48,Emily,Hagenes,FEMALE
57b6c9a8dd69264b6c5bab4a,Nicklaus,Becker,MALE
57b6c9a8dd69264b6c5bab4c,Jakayla,Greenfelder,FEMALE
57b6c9a8dd69264b6c5bab4e,Bailey,Nicolas,MALE
57b6c9a8dd69264b6c5bab50,Jamaal,Schumm,MALE
57b6c9a8dd69264b6c5bab52,Marvin,Kreiger,FEMALE
57b6c9a8dd69264b6c5bab54,Delilah,Russel,MALE
57b6c9a8dd69264b6c5bab56,Melody,Walker,MALE
57b6c9a8dd69264b6c5bab58,Madelyn,Will,MALE
57b6c9a8dd69264b6c5bab5a,Cristopher,Heathcote,MALE
57b6c9a8dd69264b6c5bab5c,Ricky,Wintheiser,MALE
57b6c9a8dd69264b6c5bab5e,Emelia,Kshlerin,MALE
57b6c9a8dd69264b6c5bab60,Devon,Hilll,MALE
57b6c9a8dd69264b6c5bab62,Torrey,Klocko,FEMALE
57b6c9a8dd69264b6c5bab64,Kathryne,Harvey,FEMALE
57b6c9a8dd69264b6c5bab66,Carli,Collins,MALE
57b6c9a8dd69264b6c5bab68,Brain,Renner,MALE
57b6c9a8dd69264b6c5bab6a,Aliya,Corwin,FEMALE
57b6c9a8dd69264b6c5bab6c,Belle,Buckridge,FEMALE
57b6c9a8dd69264b6c5bab6e,Elvera,Orn,FEMALE
57b6c9a8dd69264b6c5bab70,Keely,Hoeger,FEMALE
57b6c9a8dd69264b6c5bab72,Luella,Koelpin,MALE
57b6c9a8dd69264b6c5bab74,Garrett,Bins,MALE
57b6c9a8dd69264b6c5bab76,Belle,O'Keefe,MALE
57b6c9a8dd69264b6c5bab78,Dashawn,Grady,FEMALE
57b6c9a8dd69264b6c5bab7a,Jayden,Gleichner,FEMALE
57b6c9a8dd69264b6c5bab7c,Drew,Halvorson,FEMALE
57b6c9a8dd69264b6c5bab7e,Crawford,Tremblay,MALE
57b6c9a8dd69264b6c5bab80,Jaylin,Swaniawski,MALE
57b6c9a8dd69264b6c5bab82,Maritza,O'Connell,FEMALE
57b6c9a8dd69264b6c5bab84,Markus,Hessel,FEMALE
57b6c9a8dd69264b6c5bab86,Shanny,Bins,FEMALE
57b6c9a8dd69264b6c5bab88,Marques,D'Amore,FEMALE
57b6c9a8dd69264b6c5bab8a,Davion,Littel,MALE
57b6c9a8dd69264b6c5bab8c,Adriel,Koss,MALE
57b6c9a8dd69264b6c5bab8e,Petra,Dibbert,FEMALE
57b6c9a8dd69264b6c5bab90,Leila,Champlin,FEMALE
57b6c9a8dd69264b6c5bab92,Jazlyn,Block,MALE
57b6c9a8dd69264b6c5bab94,Jaeden,Gislason,FEMALE
57b6c9a8dd69264b6c5bab96,Velda,Wolf,FEMALE
57b6c9a8dd69264b6c5bab98,Karley,Sporer,FEMALE
57b6c9a8dd69264b6c5bab9a,Idell,Ortiz,FEMALE
57b6c9a8dd69264b6c5bab9c,Winnifred,Frami,FEMALE
57b6c9a8dd69264b6c5bab9e,Michaela,Williamson,MALE
57b6c9a8dd69264b6c5baba0,Branson,Hayes,MALE
57b6c9a8dd69264b6c5baba2,Nichole,Kshlerin,FEMALE
57b6c9a8dd69264b6c5baba4,Chadd,Rogahn,MALE
57b6c9a8dd69264b6c5baba6,Deja,Nikolaus,MALE
57b6c9a8dd69264b6c5baba8,Dessie,Hand,MALE
57b6c9a8dd69264b6c5babaa,Kellen,Crooks,FEMALE
57b6c9a8dd69264b6c5babac,Damaris,Corkery,FEMALE
57b6c9a8dd69264b6c5babae,Leopold,Jast,MALE
57b6c9a8dd69264b6c5babb0,Ashleigh,Hessel,FEMALE
57b6c9a8dd69264b6c5babba,Leonora,Armstrong,FEMALE
57b6c9a8dd69264b6c5babb8,Ian,Balistreri,MALE
57b6c9a8dd69264b6c5babb4,Alta,Ratke,MALE
57b6c9a8dd69264b6c5babb6,Chasity,Skiles,MALE
57b6c9a8dd69264b6c5babb2,Jena,Stehr,MALE
57b6c9a8dd69264b6c5babbe,Ken,Hills,FEMALE
57b6c9a8dd69264b6c5babbc,Gerda,White,MALE
57b6c9a8dd69264b6c5babc0,Kennedi,Kris,FEMALE
57b6c9a8dd69264b6c5babc2,Adonis,Bruen,FEMALE
57b6c9a8dd69264b6c5babc4,Ericka,Hettinger,FEMALE
57b6c9a8dd69264b6c5babc8,Cordell,Kassulke,FEMALE
57b6c9a8dd69264b6c5babc6,Einar,Bashirian,MALE
57b6c9a8dd69264b6c5babca,Bryce,Tillman,FEMALE
57b6c9a8dd69264b6c5babcc,Jaden,Wisozk,FEMALE
57b6c9a8dd69264b6c5babce,Sheridan,Kiehn,MALE
57b6c9a8dd69264b6c5babd0,Laila,Armstrong,MALE
57b6c9a8dd69264b6c5babd2,Delta,Daniel,FEMALE
57b6c9a8dd69264b6c5babd4,Gordon,McDermott,FEMALE
57b6c9a8dd69264b6c5babd6,Alvina,Leannon,MALE
57b6c9a8dd69264b6c5babd8,Santino,Feeney,MALE
57b6c9a8dd69264b6c5babda,Jeanne,Bernhard,MALE
57b6c9a8dd69264b6c5babdc,Reggie,Hamill,FEMALE
57b6c9a8dd69264b6c5babde,Rudolph,Turcotte,FEMALE
57b6c9a8dd69264b6c5babe2,Breanne,Lind,MALE
57b6c9a8dd69264b6c5babe4,Delia,Marvin,FEMALE
57b6c9a8dd69264b6c5babe6,Phoebe,Thiel,MALE
57b6c9a8dd69264b6c5babe8,Leonie,Schmidt,FEMALE
57b6c9a8dd69264b6c5babe0,Tremaine,Nolan,FEMALE
57b6c9a8dd69264b6c5babea,Kenyon,O'Kon,MALE
57b6c9a8dd69264b6c5babec,Florencio,Kub,FEMALE
57b6c9a8dd69264b6c5babee,Oran,Crona,MALE
57b6c9a8dd69264b6c5babf0,Aaron,Schiller,FEMALE
57b6c9a8dd69264b6c5babf2,Cheyenne,Schinner,MALE
57b6c9a8dd69264b6c5babf4,Haskell,Morar,MALE
57b6c9a8dd69264b6c5babf6,Estella,Littel,MALE
57b6c9a8dd69264b6c5babf8,Chanelle,Kirlin,FEMALE
57b6c9a8dd69264b6c5babfa,Ethyl,Kozey,FEMALE
57b6c9a8dd69264b6c5babfc,Danny,Halvorson,MALE
57b6c9a8dd69264b6c5babfe,Kip,Wyman,MALE
57b6c9a8dd69264b6c5bac00,Tavares,Harber,MALE
57b6c9a8dd69264b6c5bac02,Lucius,Nitzsche,FEMALE
57b6c9a8dd69264b6c5bac04,Keegan,Watsica,FEMALE
57b6c9a8dd69264b6c5bac06,Eladio,O'Kon,FEMALE
57b6c9a8dd69264b6c5bac08,Alexander,Gulgowski,MALE
57b6c9a8dd69264b6c5bac0a,Archibald,Wolf,MALE
57b6c9a8dd69264b6c5bac0c,Filomena,Little,MALE
57b6c9a8dd69264b6c5bac0e,Amy,Gislason,FEMALE
57b6c9a8dd69264b6c5bac10,Alivia,Farrell,FEMALE
57b6c9a8dd69264b6c5bac12,Geovany,Rath,MALE
57b6c9a8dd69264b6c5bac14,Zion,McLaughlin,MALE
57b6c9a8dd69264b6c5bac16,Deondre,Hintz,MALE
57b6c9a8dd69264b6c5bac18,Soledad,Wuckert,MALE
57b6c9a8dd69264b6c5bac1a,Meta,Herman,FEMALE
57b6c9a8dd69264b6c5bac1c,Gaylord,Hilpert,FEMALE
57b6c9a8dd69264b6c5bac1e,Raymundo,Daniel,MALE
57b6c9a8dd69264b6c5bac20,Lucious,Stokes,FEMALE
57b6c9a8dd69264b6c5bac22,Margarita,Hills,MALE
57b6c9a8dd69264b6c5bac24,Doris,Kiehn,FEMALE
57b6c9a8dd69264b6c5bac26,Maxie,Kuhlman,MALE
57b6c9a8dd69264b6c5bac28,Sofia,Kertzmann,FEMALE
57b6c9a8dd69264b6c5bac2a,Robert,Hand,FEMALE
57b6c9a8dd69264b6c5bac2c,Helmer,Ruecker,MALE
57b6c9a8dd69264b6c5bac30,Justina,Schuster,MALE
57b6c9a8dd69264b6c5bac32,German,Parisian,FEMALE
57b6c9a8dd69264b6c5bac2e,Guido,Heathcote,FEMALE
57b6c9a8dd69264b6c5bac34,Madelyn,Gerlach,FEMALE
57b6c9a8dd69264b6c5bac36,Merlin,Buckridge,MALE
57b6c9a8dd69264b6c5bac38,Jevon,Fahey,MALE
57b6c9a8dd69264b6c5bac3a,Chelsea,Mosciski,MALE
57b6c9a8dd69264b6c5bac3c,Tate,Stiedemann,FEMALE
57b6c9a8dd69264b6c5bac3e,Logan,Nikolaus,FEMALE
57b6c9a8dd69264b6c5bac40,Percy,Hauck,MALE
57b6c9a8dd69264b6c5bac42,Eloy,Wintheiser,FEMALE
57b6c9a8dd69264b6c5bac44,Anthony,Marvin,MALE
57b6c9a8dd69264b6c5bac46,Tavares,Gulgowski,MALE
57b6c9a8dd69264b6c5bac48,Antonetta,Hessel,FEMALE
57b6c9a8dd69264b6c5bac4a,Marshall,Ullrich,MALE
57b6c9a8dd69264b6c5bac4c,Genevieve,Schamberger,MALE
57b6c9a8dd69264b6c5bac4e,Jace,Mann,FEMALE
57b6c9a8dd69264b6c5bac50,Zack,Wuckert,MALE
57ba99ae11f35459180f2f6b,sara,Q,FEMALE
57c478a5ed7bebf30f0a21f5,Oliver,Bree,MALE
57fe49b8487680c7028193b1,Gary,Wolf,MALE
587f084a39fc4f6b7b035396,Garry,Potter,
587f43c31dbea76b9761dd90,StudentSoll,StudentSoll,
58a17aa06d02952337a538fd,John,Good,MALE
58a17bbd6d02952337a5391d,Robin,Loksly,MALE
58a17c736d02952337a53968,Bill,Road,MALE
58d5275251e5ec28cecd20fd,dadas,asdasdas,MALE
58d527ab51e5ec28cecd2142,sda,dadsds,MALE
58d52d31b1374f28f0c95570,ww,qqqq,MALE
58d52d87b1374f28f0c95588,adas,dasdasd,MALE
58d52dc1b1374f28f0c95594,adas,asdasd,MALE
58d52f30b1374f28f0c955f7,sf,fsdfsfs,MALE
58d533ec51e5ec28cecd2311,adasd,asdasdas,MALE
58d54de8b1374f28f0c95acb,Soll,Soll,MALE
58d5549d51e5ec28cecd25ff,Soll2,Soll2,MALE
58e35db8f6102c174cf14321,Yaroslav,Shcherban,MALE